raw_venue_name,raw_city,canonical_venue_name,canonical_city,canonical_country,mapping_type,confidence,source
"7he Sevens Stadium, Dubai",Dubai,"7he Sevens Stadium, Dubai",Dubai,United Arab Emirates,EXACT,high,identity mapping
"Achimota Senior Secondary School A Field, Accra",Accra,"Achimota Senior Secondary School A Field, Accra",Accra,Ghana,EXACT,high,identity mapping
"Achimota Senior Secondary School B Field, Accra",Accra,"Achimota Senior Secondary School B Field, Accra",Accra,Ghana,EXACT,high,identity mapping
Adelaide Oval,,Adelaide Oval,Adelaide,Australia,NORMALIZED_ALIAS,high,same-ground naming variants in Cricsheet data
Adelaide Oval,Adelaide,Adelaide Oval,Adelaide,Australia,EXACT,high,identity mapping
Affies Park,Windhoek,Affies Park,Windhoek,Namibia,EXACT,high,identity mapping
Al Amerat Cricket Ground Oman Cricket (Ministry Turf 1),Al Amarat,Al Amerat Cricket Ground Oman Cricket (Ministry Turf 1),Al Amarat,Oman,EXACT,high,identity mapping
Al Amerat Cricket Ground Oman Cricket (Ministry Turf 2),Al Amarat,Al Amerat Cricket Ground Oman Cricket (Ministry Turf 2),Al Amarat,Oman,EXACT,high,identity mapping
AMI Stadium,Christchurch,AMI Stadium,Christchurch,New Zealand,EXACT,high,identity mapping
Amini Park,Port Moresby,"Amini Park, Port Moresby",Port Moresby,Papua New Guinea,NORMALIZED_ALIAS,high,same-ground naming variants in Cricsheet data
"Amini Park, Port Moresby",Port Moresby,"Amini Park, Port Moresby",Port Moresby,Papua New Guinea,EXACT,high,identity mapping
Andhra Cricket Association-Visakhapatnam District Cricket Association Stadium,Visakhapatnam,Andhra Cricket Association-Visakhapatnam District Cricket Association Stadium,Visakhapatnam,India,EXACT,high,identity mapping
"Antigua Recreation Ground, St John's",Antigua,"Antigua Recreation Ground, St John's",Antigua,Antigua and Barbuda,EXACT,high,identity mapping
Arbab Niaz Stadium,Peshawar,Arbab Niaz Stadium,Peshawar,Pakistan,EXACT,high,identity mapping
Arnos Vale Ground,Kingstown,Arnos Vale Ground,Kingstown,Saint Vincent and the Grenadines,EXACT,high,identity mapping
"Arnos Vale Ground, Kingstown",St Vincent,Arnos Vale Ground,Kingstown,Saint Vincent and the Grenadines,CURATED_ALIAS,high,Kingstown is the capital of St Vincent
"Arnos Vale Ground, Kingstown, St Vincent",Kingstown,Arnos Vale Ground,Kingstown,Saint Vincent and the Grenadines,CURATED_ALIAS,high,Kingstown is the capital of St Vincent
Arun Jaitley Stadium,Delhi,Arun Jaitley Stadium,Delhi,India,EXACT,high,identity mapping
"Arun Jaitley Stadium, Delhi",Delhi,Arun Jaitley Stadium,Delhi,India,CURATED_ALIAS,high,Delhi ground renamed Feroz Shah Kotla->Arun Jaitley Stadium (2019)
Feroz Shah Kotla,Delhi,Arun Jaitley Stadium,Delhi,India,HISTORICAL_RENAME,high,Delhi ground renamed Feroz Shah Kotla->Arun Jaitley Stadium (2019)
"Ballpark Ground, Graz",Graz,"Ballpark Ground, Graz",Graz,Austria,EXACT,high,identity mapping
Bangabandhu National Stadium,Dhaka,Bangabandhu National Stadium,Dhaka,Bangladesh,EXACT,high,identity mapping
"Bangabandhu National Stadium, Dhaka",Dhaka,Bangabandhu National Stadium,Dhaka,Bangladesh,NORMALIZED_ALIAS,high,same-ground naming variants in Cricsheet data
Barabati Stadium,Cuttack,Barabati Stadium,Cuttack,India,EXACT,high,identity mapping
"Barabati Stadium, Cuttack",Cuttack,Barabati Stadium,Cuttack,India,NORMALIZED_ALIAS,high,same-ground naming variants in Cricsheet data
Barsapara Cricket Stadium,Guwahati,"Barsapara Cricket Stadium, Guwahati",Guwahati,India,NORMALIZED_ALIAS,high,same-ground naming variants in Cricsheet data
"Barsapara Cricket Stadium, Guwahati",Guwahati,"Barsapara Cricket Stadium, Guwahati",Guwahati,India,EXACT,high,identity mapping
Basin Reserve,Wellington,Basin Reserve,Wellington,New Zealand,EXACT,high,identity mapping
"Basin Reserve, Wellington",Wellington,Basin Reserve,Wellington,New Zealand,NORMALIZED_ALIAS,high,same-ground naming variants in Cricsheet data
Bay Oval,Mount Maunganui,Bay Oval,Mount Maunganui,New Zealand,EXACT,high,identity mapping
"Bay Oval, Mount Maunganui",Mount Maunganui,Bay Oval,Mount Maunganui,New Zealand,NORMALIZED_ALIAS,high,same-ground naming variants in Cricsheet data
Bayer Uerdingen Cricket Ground,Krefeld,Bayer Uerdingen Cricket Ground,Krefeld,Germany,EXACT,high,identity mapping
"Bayuemas Oval, Kuala Lumpur",Kuala Lumpur,"Bayuemas Oval, Kuala Lumpur",Kuala Lumpur,Malaysia,EXACT,high,identity mapping
"Beausejour Stadium, Gros Islet",St Lucia,"Beausejour Stadium, Gros Islet",St Lucia,Saint Lucia,EXACT,high,identity mapping
"Belgrano Athletic Club Ground, Buenos Aires",Buenos Aires,"Belgrano Athletic Club Ground, Buenos Aires",Buenos Aires,Argentina,EXACT,high,identity mapping
Bellerive Oval,Hobart,Bellerive Oval,Hobart,Australia,EXACT,high,identity mapping
"Bellerive Oval, Hobart",Hobart,Bellerive Oval,Hobart,Australia,NORMALIZED_ALIAS,high,same-ground naming variants in Cricsheet data
Bermuda National Stadium,Hamilton,Bermuda National Stadium,Hamilton,New Zealand,EXACT,high,identity mapping
Bert Sutcliffe Oval,Lincoln,Bert Sutcliffe Oval,Lincoln,New Zealand,EXACT,high,identity mapping
Bharat Ratna Shri Atal Bihari Vajpayee Ekana Cricket Stadium,Lucknow,"Bharat Ratna Shri Atal Bihari Vajpayee Ekana Cricket Stadium, Lucknow",Lucknow,India,NORMALIZED_ALIAS,high,same-ground naming variants in Cricsheet data
"Bharat Ratna Shri Atal Bihari Vajpayee Ekana Cricket Stadium, Lucknow",Lucknow,"Bharat Ratna Shri Atal Bihari Vajpayee Ekana Cricket Stadium, Lucknow",Lucknow,India,EXACT,high,identity mapping
"Bir Sreshtho Flight Lieutenant Matiur Rahman Stadium, Chattogram",Chattogram,"Bir Sreshtho Flight Lieutenant Matiur Rahman Stadium, Chattogram",Chattogram,Bangladesh,EXACT,high,identity mapping
"Boland Bank Park, Paarl",Paarl,"Boland Bank Park, Paarl",Paarl,South Africa,EXACT,high,identity mapping
Boland Park,Paarl,Boland Park,Paarl,South Africa,EXACT,high,identity mapping
"Boland Park, Paarl",Paarl,Boland Park,Paarl,South Africa,NORMALIZED_ALIAS,high,same-ground naming variants in Cricsheet data
"Botkyrka Cricket Center, Stockholm",Stockholm,"Botkyrka Cricket Center, Stockholm",Stockholm,Sweden,EXACT,high,identity mapping
"Botswana Cricket Association Oval 1, Gaborone",Gaborone,"Botswana Cricket Association Oval 1, Gaborone",Gaborone,Botswana,EXACT,high,identity mapping
"Botswana Cricket Association Oval 2, Gaborone",Gaborone,"Botswana Cricket Association Oval 2, Gaborone",Gaborone,Botswana,EXACT,high,identity mapping
Brabourne Stadium,Mumbai,Brabourne Stadium,Mumbai,India,EXACT,high,identity mapping
"Brabourne Stadium, Mumbai",Mumbai,Brabourne Stadium,Mumbai,India,NORMALIZED_ALIAS,high,same-ground naming variants in Cricsheet data
Bready,Derry,Bready,Derry,Northern Ireland,EXACT,high,identity mapping
"Bready Cricket Club, Magheramason",Bready,"Bready Cricket Club, Magheramason",Bready,Northern Ireland,EXACT,medium,identity mapping
"Bready Cricket Club, Magheramason",Londonderry,"Bready Cricket Club, Magheramason",Bready,Northern Ireland,CURATED_ALIAS,medium,Bready CC ground at Magheramason; Londonderry is a metro tag
"Bready Cricket Club, Magheramason, Bready",Bready,"Bready Cricket Club, Magheramason",Bready,Northern Ireland,CURATED_ALIAS,medium,Bready CC ground at Magheramason; Londonderry is a metro tag
"Brian Lara Stadium, Tarouba, Trinidad",Tarouba,"Brian Lara Stadium, Tarouba, Trinidad",Tarouba,Trinidad and Tobago,EXACT,high,identity mapping
Brisbane Cricket Ground,Brisbane,"Brisbane Cricket Ground, Woolloongabba",Brisbane,Australia,NORMALIZED_ALIAS,high,same-ground naming variants in Cricsheet data
"Brisbane Cricket Ground, Woolloongabba",Brisbane,"Brisbane Cricket Ground, Woolloongabba",Brisbane,Australia,EXACT,high,identity mapping
"Brisbane Cricket Ground, Woolloongabba, Brisbane",Brisbane,"Brisbane Cricket Ground, Woolloongabba",Brisbane,Australia,NORMALIZED_ALIAS,high,same-ground naming variants in Cricsheet data
Buffalo Park,East London,Buffalo Park,East London,South Africa,EXACT,high,identity mapping
"Buffalo Park, East London",East London,Buffalo Park,East London,South Africa,NORMALIZED_ALIAS,high,same-ground naming variants in Cricsheet data
Bulawayo Athletic Club,,Bulawayo Athletic Club,Bulawayo,Zimbabwe,NORMALIZED_ALIAS,high,same-ground naming variants in Cricsheet data
Bulawayo Athletic Club,Bulawayo,Bulawayo Athletic Club,Bulawayo,Zimbabwe,EXACT,high,identity mapping
"Bundaberg Rum Stadium, Cairns",Cairns,"Bundaberg Rum Stadium, Cairns",Cairns,Australia,EXACT,high,identity mapping
Cambusdoon New Ground,Ayr,"Cambusdoon New Ground, Ayr",Ayr,Scotland,NORMALIZED_ALIAS,high,same-ground naming variants in Cricsheet data
"Cambusdoon New Ground, Ayr",Ayr,"Cambusdoon New Ground, Ayr",Ayr,Scotland,EXACT,high,identity mapping
Captain Roop Singh Stadium,Gwalior,Captain Roop Singh Stadium,Gwalior,India,EXACT,high,identity mapping
"Captain Roop Singh Stadium, Gwalior",Gwalior,Captain Roop Singh Stadium,Gwalior,India,NORMALIZED_ALIAS,high,same-ground naming variants in Cricsheet data
Carisbrook,Dunedin,Carisbrook,Dunedin,New Zealand,EXACT,high,identity mapping
Carrara Oval,,Carrara Oval,Carrara,Australia,NORMALIZED_ALIAS,high,same-ground naming variants in Cricsheet data
Carrara Oval,Carrara,Carrara Oval,Carrara,Australia,EXACT,high,identity mapping
Castle Avenue,Dublin,"Castle Avenue, Dublin",Dublin,Ireland,NORMALIZED_ALIAS,high,same-ground naming variants in Cricsheet data
"Castle Avenue, Dublin",Dublin,"Castle Avenue, Dublin",Dublin,Ireland,EXACT,high,identity mapping
"Cazaly's Stadium, Cairns",Cairns,"Cazaly's Stadium, Cairns",Cairns,Australia,EXACT,high,identity mapping
Central Broward Regional Park Stadium Turf Ground,Lauderhill,"Central Broward Regional Park Stadium Turf Ground, Lauderhill",Lauderhill,United States,NORMALIZED_ALIAS,high,same-ground naming variants in Cricsheet data
"Central Broward Regional Park Stadium Turf Ground, Lauderhill",Lauderhill,"Central Broward Regional Park Stadium Turf Ground, Lauderhill",Lauderhill,United States,EXACT,high,identity mapping
Chevrolet Park,Bloemfontein,Chevrolet Park,Bloemfontein,South Africa,EXACT,high,identity mapping
"Choice Moosa Stadium, Pearland",Pearland,"Choice Moosa Stadium, Pearland",Pearland,United States,EXACT,high,identity mapping
"City Oval, Pietermaritzburg",Pietermaritzburg,"City Oval, Pietermaritzburg",Pietermaritzburg,South Africa,EXACT,high,identity mapping
"Civil Service Cricket Club, Stormont",Belfast,"Civil Service Cricket Club, Stormont",Belfast,Northern Ireland,EXACT,high,identity mapping
"Civil Service Cricket Club, Stormont, Belfast",Belfast,"Civil Service Cricket Club, Stormont",Belfast,Northern Ireland,NORMALIZED_ALIAS,high,same-ground naming variants in Cricsheet data
"Clayton Panama, Panama City",Panama City,"Clayton Panama, Panama City",Panama City,Panama,EXACT,high,identity mapping
Clontarf Cricket Club Ground,Dublin,Clontarf Cricket Club Ground,Dublin,Ireland,EXACT,high,identity mapping
"Clontarf Cricket Club Ground, Dublin",Dublin,Clontarf Cricket Club Ground,Dublin,Ireland,NORMALIZED_ALIAS,high,same-ground naming variants in Cricsheet data
Cobham Oval (New),Whangarei,Cobham Oval (New),Whangarei,New Zealand,EXACT,high,identity mapping
College Field,St Peter Port,College Field,St Peter Port,Guernsey,EXACT,high,identity mapping
"College Field, St Peter Port",St Peter Port,College Field,St Peter Port,Guernsey,NORMALIZED_ALIAS,high,same-ground naming variants in Cricsheet data
"Coolidge Cricket Ground, Antigua",Coolidge,"Coolidge Cricket Ground, Antigua",Coolidge,Antigua and Barbuda,EXACT,high,identity mapping
County Ground,Bristol,County Ground,Bristol,England,EXACT,high,identity mapping
"County Ground, Bristol",Bristol,County Ground,Bristol,England,NORMALIZED_ALIAS,high,same-city spelling variant; grounds differ by city
"County Ground, Chelmsford",Chelmsford,"County Ground, Chelmsford",Chelmsford,England,EXACT,high,identity mapping
County Ground,Taunton,County Ground,Taunton,England,EXACT,high,identity mapping
Daren Sammy National Cricket Stadium,Gros Islet,Daren Sammy National Cricket Stadium,Gros Islet,Saint Lucia,EXACT,high,identity mapping
"Daren Sammy National Cricket Stadium, Gros Islet",St Lucia,Daren Sammy National Cricket Stadium,Gros Islet,Saint Lucia,CURATED_ALIAS,high,"Gros Islet, St Lucia"
"Daren Sammy National Cricket Stadium, Gros Islet, St Lucia",Gros Islet,Daren Sammy National Cricket Stadium,Gros Islet,Saint Lucia,CURATED_ALIAS,high,"Gros Islet, St Lucia"
"Darren Sammy National Cricket Stadium, St Lucia",Gros Islet,"Darren Sammy National Cricket Stadium, St Lucia",Gros Islet,Saint Lucia,EXACT,high,identity mapping
"Davies Park, Queenstown",Queenstown,"Davies Park, Queenstown",Queenstown,New Zealand,EXACT,high,identity mapping
De Beers Diamond Oval,Kimberley,De Beers Diamond Oval,Kimberley,South Africa,EXACT,medium,identity mapping
"De Beers Diamond Oval, Kimberley",Kimberley,De Beers Diamond Oval,Kimberley,South Africa,CURATED_ALIAS,medium,Diamond Oval is the abbreviated name of the Kimberley ground
Desert Springs Cricket Ground,Almeria,"Desert Springs Cricket Ground, Almeria",Almeria,Spain,NORMALIZED_ALIAS,high,same-ground naming variants in Cricsheet data
"Desert Springs Cricket Ground, Almeria",Almeria,"Desert Springs Cricket Ground, Almeria",Almeria,Spain,EXACT,high,identity mapping
Diamond Oval,Kimberley,Diamond Oval,Kimberley,South Africa,EXACT,high,identity mapping
"Diamond Oval, Kimberley",Kimberley,Diamond Oval,Kimberley,South Africa,NORMALIZED_ALIAS,high,same-ground naming variants in Cricsheet data
Docklands Stadium,Melbourne,Docklands Stadium,Melbourne,Australia,EXACT,high,identity mapping
Dr DY Patil Sports Academy,Mumbai,Dr DY Patil Sports Academy,Navi Mumbai,India,CURATED_ALIAS,high,"ground is at Nerul, Navi Mumbai"
"Dr DY Patil Sports Academy, Mumbai",Mumbai,Dr DY Patil Sports Academy,Navi Mumbai,India,CURATED_ALIAS,high,"ground is at Nerul, Navi Mumbai"
"Dr DY Patil Sports Academy, Mumbai",Navi Mumbai,Dr DY Patil Sports Academy,Navi Mumbai,India,CURATED_ALIAS,high,"ground is at Nerul, Navi Mumbai"
Dr. Y.S. Rajasekhara Reddy ACA-VDCA Cricket Stadium,Visakhapatnam,Dr. Y.S. Rajasekhara Reddy ACA-VDCA Cricket Stadium,Visakhapatnam,India,EXACT,high,identity mapping
"Dr. Y.S. Rajasekhara Reddy ACA-VDCA Cricket Stadium, Visakhapatnam",Visakhapatnam,Dr. Y.S. Rajasekhara Reddy ACA-VDCA Cricket Stadium,Visakhapatnam,India,NORMALIZED_ALIAS,high,same-ground naming variants in Cricsheet data
Dreux Sport Cricket Club,Dreux,Dreux Sport Cricket Club,Dreux,France,EXACT,high,identity mapping
Dubai International Cricket Stadium,,Dubai International Cricket Stadium,Dubai,United Arab Emirates,NORMALIZED_ALIAS,high,same-ground naming variants in Cricsheet data
Dubai International Cricket Stadium,Dubai,Dubai International Cricket Stadium,Dubai,United Arab Emirates,EXACT,high,identity mapping
Dubai Sports City Cricket Stadium,,Dubai Sports City Cricket Stadium,Dubai,United Arab Emirates,CURATED_ALIAS,high,city unambiguous from venue name
Eden Gardens,Kolkata,Eden Gardens,Kolkata,India,EXACT,high,identity mapping
"Eden Gardens, Kolkata",Kolkata,Eden Gardens,Kolkata,India,NORMALIZED_ALIAS,high,same-ground naming variants in Cricsheet data
Eden Park,Auckland,Eden Park,Auckland,New Zealand,EXACT,high,identity mapping
"Eden Park, Auckland",Auckland,Eden Park,Auckland,New Zealand,NORMALIZED_ALIAS,high,same-ground naming variants in Cricsheet data
Edgbaston,Birmingham,Edgbaston,Birmingham,England,EXACT,high,identity mapping
"Edgbaston, Birmingham",Birmingham,Edgbaston,Birmingham,England,NORMALIZED_ALIAS,high,same-ground naming variants in Cricsheet data
Entebbe Cricket Oval,Entebbe,Entebbe Cricket Oval,Entebbe,Uganda,EXACT,high,identity mapping
Estonian National Cricket and Rugby Field,Tallinn,Estonian National Cricket and Rugby Field,Tallinn,Estonia,EXACT,high,identity mapping
Europa Sports Complex,Gibraltar,Europa Sports Complex,Gibraltar,Gibraltar,EXACT,high,identity mapping
"Faleata Oval No 2, Apia",Apia,"Faleata Oval No 2, Apia",Apia,Samoa,EXACT,high,identity mapping
"Forthill, Dundee",Dundee,"Forthill, Dundee",Dundee,Scotland,EXACT,high,identity mapping
Gaddafi Stadium,Lahore,Gaddafi Stadium,Lahore,Pakistan,EXACT,high,identity mapping
"Gaddafi Stadium, Lahore",Lahore,Gaddafi Stadium,Lahore,Pakistan,NORMALIZED_ALIAS,high,same-ground naming variants in Cricsheet data
"Gahanga B Ground, Rwanda",Kigali City,"Gahanga B Ground, Rwanda",Kigali City,Rwanda,EXACT,high,identity mapping
"Gahanga International Cricket Stadium, Rwanda",Kigali City,Gahanga International Cricket Stadium,Kigali City,Rwanda,CURATED_ALIAS,high,comma/period spelling variants of the Kigali ground
Gahanga International Cricket Stadium. Rwanda,Kigali City,Gahanga International Cricket Stadium,Kigali City,Rwanda,CURATED_ALIAS,high,comma/period spelling variants of the Kigali ground
Galle International Stadium,,Galle International Stadium,Galle,Sri Lanka,CURATED_ALIAS,high,city unambiguous from venue name
"GB Oval, Szodliget",Szodliget,"GB Oval, Szodliget",Szodliget,Hungary,EXACT,high,identity mapping
Gelephu International Cricket Ground,Gelephu,Gelephu International Cricket Ground,Gelephu,Bhutan,EXACT,high,identity mapping
"GMHBA Stadium, South Geelong, Victoria",Geelong,"GMHBA Stadium, South Geelong, Victoria",Geelong,Australia,EXACT,high,identity mapping
"Goldenacre, Edinburgh",Edinburgh,"Goldenacre, Edinburgh",Edinburgh,Scotland,EXACT,high,identity mapping
"Grainville, St Saviour",St Saviour,"Grainville, St Saviour",St Saviour,Guernsey,EXACT,high,identity mapping
"Grand Prairie Stadium, Dallas",Dallas,"Grand Prairie Stadium, Dallas",Dallas,United States,EXACT,high,identity mapping
"Grange Cricket Club, Raeburn Place",Edinburgh,"Grange Cricket Club, Raeburn Place",Edinburgh,Scotland,EXACT,high,identity mapping
"Grange Cricket Club Ground, Raeburn Place",Edinburgh,"Grange Cricket Club Ground, Raeburn Place, Edinburgh",Edinburgh,Scotland,NORMALIZED_ALIAS,high,same-ground naming variants in Cricsheet data
"Grange Cricket Club Ground, Raeburn Place, Edinburgh",Edinburgh,"Grange Cricket Club Ground, Raeburn Place, Edinburgh",Edinburgh,Scotland,EXACT,high,identity mapping
"Great Barrier Reef Arena, Mackay",Mackay,"Great Barrier Reef Arena, Mackay",Mackay,Australia,EXACT,high,identity mapping
Green Park,Kanpur,Green Park,Kanpur,India,EXACT,high,identity mapping
Greenfield International Stadium,Thiruvananthapuram,"Greenfield International Stadium, Thiruvananthapuram",Thiruvananthapuram,India,NORMALIZED_ALIAS,high,same-ground naming variants in Cricsheet data
"Greenfield International Stadium, Thiruvananthapuram",Thiruvananthapuram,"Greenfield International Stadium, Thiruvananthapuram",Thiruvananthapuram,India,EXACT,high,identity mapping
Gucherre Cricket Ground,Albergaria,Gucherre Cricket Ground,Albergaria,Portugal,EXACT,high,identity mapping
"Guernsey Rovers Athletic Club Ground, Port Soif",Port  Soif,"Guernsey Rovers Athletic Club Ground, Port Soif",Port Soif,Seychelles,CURATED_ALIAS,high,"Port Soif, Guernsey (fixes double-space raw tag)"
"Gymkhana Club Ground, Dar-es-Salaam",Dar-es-Salaam,"Gymkhana Club Ground, Dar-es-Salaam",Dar-es-Salaam,Tanzania,EXACT,high,identity mapping
Gymkhana Club Ground,Nairobi,"Gymkhana Club Ground, Nairobi",Nairobi,Kenya,NORMALIZED_ALIAS,high,same-city spelling variant; grounds differ by city
"Gymkhana Club Ground, Nairobi",Nairobi,"Gymkhana Club Ground, Nairobi",Nairobi,Kenya,EXACT,high,identity mapping
Hagley Oval,Christchurch,Hagley Oval,Christchurch,New Zealand,EXACT,high,identity mapping
"Hagley Oval, Christchurch",Christchurch,Hagley Oval,Christchurch,New Zealand,NORMALIZED_ALIAS,high,same-ground naming variants in Cricsheet data
Happy Valley Ground,Episkopi,Happy Valley Ground,Episkopi,Cyprus,EXACT,high,identity mapping
Happy Valley Ground 2,Episkopi,Happy Valley Ground 2,Episkopi,Cyprus,EXACT,high,identity mapping
Harare Sports Club,,Harare Sports Club,Harare,Zimbabwe,NORMALIZED_ALIAS,high,same-ground naming variants in Cricsheet data
Harare Sports Club,Harare,Harare Sports Club,Harare,Zimbabwe,EXACT,high,identity mapping
Hazelaarweg,Rotterdam,"Hazelaarweg, Rotterdam",Rotterdam,Netherlands,NORMALIZED_ALIAS,high,same-ground naming variants in Cricsheet data
"Hazelaarweg, Rotterdam",Rotterdam,"Hazelaarweg, Rotterdam",Rotterdam,Netherlands,EXACT,high,identity mapping
Headingley,Leeds,Headingley,Leeds,England,EXACT,high,identity mapping
"Headingley, Leeds",Leeds,Headingley,Leeds,England,NORMALIZED_ALIAS,high,same-ground naming variants in Cricsheet data
Himachal Pradesh Cricket Association Stadium,Dharamsala,Himachal Pradesh Cricket Association Stadium,Dharamsala,India,EXACT,high,identity mapping
Himachal Pradesh Cricket Association Stadium,Dharmasala,Himachal Pradesh Cricket Association Stadium,Dharamsala,India,CURATED_ALIAS,high,Dharmasala is a spelling variant of Dharamsala
"Himachal Pradesh Cricket Association Stadium, Dharamsala",Dharamsala,Himachal Pradesh Cricket Association Stadium,Dharamsala,India,CURATED_ALIAS,high,Dharmasala is a spelling variant of Dharamsala
Holkar Cricket Stadium,Indore,Holkar Cricket Stadium,Indore,India,EXACT,high,identity mapping
"Holkar Cricket Stadium, Indore",Indore,Holkar Cricket Stadium,Indore,India,NORMALIZED_ALIAS,high,same-ground naming variants in Cricsheet data
"Hurlingham Club Ground, Buenos Aires",Buenos Aires,"Hurlingham Club Ground, Buenos Aires",Buenos Aires,Argentina,EXACT,high,identity mapping
ICC Academy,Dubai,ICC Academy,Dubai,United Arab Emirates,EXACT,high,identity mapping
"ICC Academy, Dubai",Dubai,ICC Academy,Dubai,United Arab Emirates,NORMALIZED_ALIAS,high,same-ground naming variants in Cricsheet data
ICC Academy Ground No 2,Dubai,ICC Academy Ground No 2,Dubai,United Arab Emirates,EXACT,high,identity mapping
ICC Global Cricket Academy,Dubai,ICC Global Cricket Academy,Dubai,United Arab Emirates,EXACT,high,identity mapping
"Independence Park, Port Vila",Port Vila,"Independence Park, Port Vila",Port Vila,Vanuatu,EXACT,high,identity mapping
Indian Association Ground,Singapore,Indian Association Ground,Singapore,Singapore,EXACT,high,identity mapping
"Indian Association Ground, Singapore",Singapore,Indian Association Ground,Singapore,Singapore,NORMALIZED_ALIAS,high,same-ground naming variants in Cricsheet data
Indian Petrochemicals Corporation Limited Sports Complex Ground,Vadodara,Indian Petrochemicals Corporation Limited Sports Complex Ground,Vadodara,India,EXACT,high,identity mapping
Integrated Polytechnic Regional Centre,Kigali City,Integrated Polytechnic Regional Centre,Kigali City,Rwanda,EXACT,high,identity mapping
Iqbal Stadium,Faisalabad,Iqbal Stadium,Faisalabad,Pakistan,EXACT,high,identity mapping
"Iqbal Stadium, Faisalabad",Faisalabad,Iqbal Stadium,Faisalabad,Pakistan,NORMALIZED_ALIAS,high,same-ground naming variants in Cricsheet data
"Ishoj Cricket Club, Vejledalen",Ishoj,"Ishoj Cricket Club, Vejledalen",Ishoj,Denmark,EXACT,high,identity mapping
Jade Stadium,Christchurch,Jade Stadium,Christchurch,New Zealand,EXACT,high,identity mapping
"Jade Stadium, Christchurch",Christchurch,Jade Stadium,Christchurch,New Zealand,NORMALIZED_ALIAS,high,same-ground naming variants in Cricsheet data
Jaffery Sports Club Ground,Nairobi,Jaffery Sports Club Ground,Nairobi,Kenya,EXACT,high,identity mapping
"Jimmy Powell Oval, Cayman Islands",George Town,"Jimmy Powell Oval, Cayman Islands",George Town,Cayman Islands,EXACT,high,identity mapping
Jinja Cricket Ground,Jinja,Jinja Cricket Ground,Jinja,Uganda,EXACT,high,identity mapping
John Davies Oval,Queenstown,John Davies Oval,Queenstown,New Zealand,EXACT,high,identity mapping
"John Davies Oval, Queenstown",Queenstown,John Davies Oval,Queenstown,New Zealand,NORMALIZED_ALIAS,high,same-ground naming variants in Cricsheet data
JSCA International Stadium Complex,Ranchi,JSCA International Stadium Complex,Ranchi,India,EXACT,high,identity mapping
"JSCA International Stadium Complex, Ranchi",Ranchi,JSCA International Stadium Complex,Ranchi,India,NORMALIZED_ALIAS,high,same-ground naming variants in Cricsheet data
Keenan Stadium,Jamshedpur,Keenan Stadium,Jamshedpur,India,EXACT,high,identity mapping
Kennington Oval,London,Kennington Oval,London,England,EXACT,high,identity mapping
"Kennington Oval, London",London,Kennington Oval,London,England,NORMALIZED_ALIAS,high,same-ground naming variants in Cricsheet data
"Kensington Oval, Barbados",Bridgetown,Kensington Oval,Bridgetown,Barbados,CURATED_ALIAS,high,"Bridgetown, Barbados (city/country tags swapped in raw rows)"
"Kensington Oval, Bridgetown",Barbados,Kensington Oval,Bridgetown,Barbados,CURATED_ALIAS,high,"Bridgetown, Barbados (city/country tags swapped in raw rows)"
"Kensington Oval, Bridgetown, Barbados",Bridgetown,Kensington Oval,Bridgetown,Barbados,CURATED_ALIAS,high,"Bridgetown, Barbados (city/country tags swapped in raw rows)"
Kerava National Cricket Ground,Kerava,Kerava National Cricket Ground,Kerava,Finland,EXACT,high,identity mapping
Khan Shaheb Osman Ali Stadium,Fatullah,Khan Shaheb Osman Ali Stadium,Fatullah,Bangladesh,EXACT,high,identity mapping
King George V Sports Ground,Castel,"King George V Sports Ground, Castel",Castel,Guernsey,NORMALIZED_ALIAS,high,same-ground naming variants in Cricsheet data
"King George V Sports Ground, Castel",Castel,"King George V Sports Ground, Castel",Castel,Guernsey,EXACT,high,identity mapping
Kingsmead,Durban,Kingsmead,Durban,South Africa,EXACT,high,identity mapping
"Kingsmead, Durban",Durban,Kingsmead,Durban,South Africa,NORMALIZED_ALIAS,high,same-ground naming variants in Cricsheet data
Kinrara Academy Oval,Kuala Lumpur,Kinrara Academy Oval,Kuala Lumpur,Malaysia,EXACT,high,identity mapping
Koge Cricket Club,Koge,Koge Cricket Club,Koge,Denmark,EXACT,high,identity mapping
"Korogi Sports Park, Nisshin",Nisshin,"Korogi Sports Park, Nisshin",Nisshin,Japan,EXACT,high,identity mapping
"Kotambi Stadium, Vadodara",Vadodara,"Kotambi Stadium, Vadodara",Vadodara,India,EXACT,high,identity mapping
Kyambogo Cricket Oval,Kampala,Kyambogo Cricket Oval,Kampala,Uganda,EXACT,high,identity mapping
La Manga Club Bottom Ground,Murcia,La Manga Club Bottom Ground,Murcia,Spain,EXACT,high,identity mapping
La Manga Club Top Ground,Murcia,La Manga Club Top Ground,Murcia,Spain,EXACT,high,identity mapping
"Lal Bahadur Shastri Stadium, Hyderabad, Deccan",Hyderabad,"Lal Bahadur Shastri Stadium, Hyderabad, Deccan",Hyderabad,India,EXACT,high,identity mapping
Lisicji Jarak Cricket Ground,Belgrade,Lisicji Jarak Cricket Ground,Belgrade,Serbia,EXACT,high,identity mapping
Lord's,London,Lord's,London,England,EXACT,high,identity mapping
"Lord's, London",London,Lord's,London,England,NORMALIZED_ALIAS,high,same-ground naming variants in Cricsheet data
"Los Pinos Polo Club 1, Cundinamarca",Bogota,"Los Pinos Polo Club 1, Cundinamarca",Bogota,Colombia,EXACT,high,identity mapping
"Los Pinos Polo Club 2, Cundinamarca",Bogota,"Los Pinos Polo Club 2, Cundinamarca",Bogota,Colombia,EXACT,high,identity mapping
Los Reyes Polo Club,Guacima,Los Reyes Polo Club,Guacima,Costa Rica,EXACT,high,identity mapping
Lugogo Cricket Oval,Kampala,Lugogo Cricket Oval,Kampala,Uganda,EXACT,high,identity mapping
M Chinnaswamy Stadium,Bangalore,M Chinnaswamy Stadium,Bengaluru,India,CURATED_ALIAS,high,city renamed Bangalore->Bengaluru (2014); M. dot spelling merged
"M Chinnaswamy Stadium, Bengaluru",Bengaluru,M Chinnaswamy Stadium,Bengaluru,India,CURATED_ALIAS,high,city renamed Bangalore->Bengaluru (2014); M. dot spelling merged
M.Chinnaswamy Stadium,Bengaluru,M Chinnaswamy Stadium,Bengaluru,India,CURATED_ALIAS,high,city renamed Bangalore->Bengaluru (2014); M. dot spelling merged
Chittagong Divisional Stadium,,MA Aziz Stadium,Chattogram,Bangladesh,HISTORICAL_RENAME,medium,MA Aziz Stadium was formerly Chittagong Divisional Stadium; city renamed Chittagong->Chattogram
MA Aziz Stadium,Chattogram,MA Aziz Stadium,Chattogram,Bangladesh,EXACT,medium,identity mapping
"MA Aziz Stadium, Chittagong",Chattogram,MA Aziz Stadium,Chattogram,Bangladesh,CURATED_ALIAS,medium,MA Aziz Stadium was formerly Chittagong Divisional Stadium; city renamed Chittagong->Chattogram
MA Chidambaram Stadium,Chennai,"MA Chidambaram Stadium, Chepauk",Chennai,India,NORMALIZED_ALIAS,high,same-ground naming variants in Cricsheet data
"MA Chidambaram Stadium, Chepauk",Chennai,"MA Chidambaram Stadium, Chepauk",Chennai,India,EXACT,high,identity mapping
"MA Chidambaram Stadium, Chepauk, Chennai",Chennai,"MA Chidambaram Stadium, Chepauk",Chennai,India,NORMALIZED_ALIAS,high,same-ground naming variants in Cricsheet data
Madhavrao Scindia Cricket Ground,Rajkot,Madhavrao Scindia Cricket Ground,Rajkot,India,EXACT,high,identity mapping
"Maharaja Yadavindra Singh International Cricket Stadium, Mullanpur",Mohali,"Maharaja Yadavindra Singh International Cricket Stadium, Mullanpur",New Chandigarh,India,CURATED_ALIAS,high,Mullanpur ground; Mohali/New Chandigarh metro tags
"Maharaja Yadavindra Singh International Cricket Stadium, Mullanpur",New Chandigarh,"Maharaja Yadavindra Singh International Cricket Stadium, Mullanpur",New Chandigarh,India,EXACT,high,identity mapping
"Maharaja Yadavindra Singh International Cricket Stadium, New Chandigarh",New Chandigarh,"Maharaja Yadavindra Singh International Cricket Stadium, Mullanpur",New Chandigarh,India,CURATED_ALIAS,high,Mullanpur ground; Mohali/New Chandigarh metro tags
Maharani Usharaje Trust Cricket Ground,Indore,Maharani Usharaje Trust Cricket Ground,Indore,India,EXACT,high,identity mapping
Maharashtra Cricket Association Stadium,Pune,Maharashtra Cricket Association Stadium,Pune,India,EXACT,high,identity mapping
"Maharashtra Cricket Association Stadium, Pune",Pune,Maharashtra Cricket Association Stadium,Pune,India,NORMALIZED_ALIAS,high,same-ground naming variants in Cricsheet data
"Mahinda Rajapaksa International Cricket Stadium, Sooriyawewa",Hambantota,"Mahinda Rajapaksa International Cricket Stadium, Sooriyawewa",Hambantota,Sri Lanka,EXACT,high,identity mapping
Malahide,Dublin,Malahide,Dublin,Ireland,EXACT,high,identity mapping
"Malahide, Dublin",Dublin,Malahide,Dublin,Ireland,NORMALIZED_ALIAS,high,same-ground naming variants in Cricsheet data
Malkerns Country Club oval,Malkerns,Malkerns Country Club oval,Malkerns,Eswatini,EXACT,high,identity mapping
Goodyear Park,Bloemfontein,Mangaung Oval,Bloemfontein,South Africa,HISTORICAL_RENAME,high,Bloemfontein ground renamed Goodyear Park->Mangaung Oval
"Goodyear Park, Bloemfontein",Bloemfontein,Mangaung Oval,Bloemfontein,South Africa,HISTORICAL_RENAME,high,Bloemfontein ground renamed Goodyear Park->Mangaung Oval
Mangaung Oval,Bloemfontein,Mangaung Oval,Bloemfontein,South Africa,EXACT,high,identity mapping
"Mangaung Oval, Bloemfontein",Bloemfontein,Mangaung Oval,Bloemfontein,South Africa,CURATED_ALIAS,high,Bloemfontein ground renamed Goodyear Park->Mangaung Oval
Mannofield Park,Aberdeen,Mannofield Park,Aberdeen,Scotland,EXACT,high,identity mapping
"Mannofield Park, Aberdeen",Aberdeen,Mannofield Park,Aberdeen,Scotland,NORMALIZED_ALIAS,high,same-ground naming variants in Cricsheet data
Manuka Oval,Canberra,Manuka Oval,Canberra,Australia,EXACT,high,identity mapping
"Manuka Oval, Canberra",Canberra,Manuka Oval,Canberra,Australia,NORMALIZED_ALIAS,high,same-ground naming variants in Cricsheet data
"Maple Leaf North-East Ground, King City",King City,"Maple Leaf North-East Ground, King City",King City,Canada,EXACT,high,identity mapping
Maple Leaf North-West Ground,King City,Maple Leaf North-West Ground,King City,Canada,EXACT,medium,identity mapping
Maple Leaf North-West Ground,Toronto,Maple Leaf North-West Ground,King City,Canada,CURATED_ALIAS,medium,ground is at King City (Greater Toronto tag)
"Maple Leaf North-West Ground, King City",King City,Maple Leaf North-West Ground,King City,Canada,CURATED_ALIAS,medium,ground is at King City (Greater Toronto tag)
Marrara Cricket Ground,Darwin,Marrara Cricket Ground,Darwin,Australia,EXACT,high,identity mapping
"Marrara Cricket Ground, Darwin",Darwin,Marrara Cricket Ground,Darwin,Australia,NORMALIZED_ALIAS,high,same-ground naming variants in Cricsheet data
"Marrara Stadium, Darwin",Darwin,"Marrara Stadium, Darwin",Darwin,Australia,EXACT,high,identity mapping
Marsa Sports Club,Marsa,Marsa Sports Club,Marsa,Malta,EXACT,high,identity mapping
McLean Park,Napier,McLean Park,Napier,New Zealand,EXACT,high,identity mapping
"McLean Park, Napier",Napier,McLean Park,Napier,New Zealand,NORMALIZED_ALIAS,high,same-ground naming variants in Cricsheet data
"Meersen, Gent",Ghent,"Meersen, Gent",Ghent,Belgium,EXACT,high,identity mapping
Melbourne Cricket Ground,,Melbourne Cricket Ground,Melbourne,Australia,NORMALIZED_ALIAS,high,same-ground naming variants in Cricsheet data
Melbourne Cricket Ground,Melbourne,Melbourne Cricket Ground,Melbourne,Australia,EXACT,high,identity mapping
"Mission Road Ground, Mong Kok",Hong Kong,"Mission Road Ground, Mong Kok",Mong Kok,Hong Kong,CURATED_ALIAS,high,"Mong Kok, Hong Kong"
"Mission Road Ground, Mong Kok, Hong Kong",Mong Kok,"Mission Road Ground, Mong Kok",Mong Kok,Hong Kong,CURATED_ALIAS,high,"Mong Kok, Hong Kong"
"Mladost Cricket Ground, Zagreb",Zagreb,"Mladost Cricket Ground, Zagreb",Zagreb,Croatia,EXACT,high,identity mapping
Moara Vlasiei Cricket Ground,,"Moara Vlasiei Cricket Ground, Ilfov County",Ilfov County,Romania,NORMALIZED_ALIAS,high,same-ground naming variants in Cricsheet data
"Moara Vlasiei Cricket Ground, Ilfov County",Ilfov County,"Moara Vlasiei Cricket Ground, Ilfov County",Ilfov County,Romania,EXACT,high,identity mapping
Mombasa Sports Club Ground,,Mombasa Sports Club Ground,Mombasa,Kenya,CURATED_ALIAS,high,city unambiguous from venue name
"Moosa Cricket Stadium, Pearland",Pearland,"Moosa Cricket Stadium, Pearland",Pearland,United States,EXACT,high,identity mapping
Moses Mabhida Stadium,Durban,Moses Mabhida Stadium,Durban,South Africa,EXACT,high,identity mapping
Mulpani Cricket Ground,Kathmandu,Mulpani Cricket Ground,Kathmandu,Nepal,EXACT,high,identity mapping
Multan Cricket Stadium,,Multan Cricket Stadium,Multan,Pakistan,NORMALIZED_ALIAS,high,same-ground naming variants in Cricsheet data
Multan Cricket Stadium,Multan,Multan Cricket Stadium,Multan,Pakistan,EXACT,high,identity mapping
Nahar Singh Stadium,Faridabad,Nahar Singh Stadium,Faridabad,India,EXACT,high,identity mapping
"Nahar Singh Stadium, Faridabad",Faridabad,Nahar Singh Stadium,Faridabad,India,NORMALIZED_ALIAS,high,same-ground naming variants in Cricsheet data
"Namibia Cricket Ground, Windhoek",Windhoek,"Namibia Cricket Ground, Windhoek",Windhoek,Namibia,EXACT,high,identity mapping
Narayanganj Osmani Stadium,Fatullah,Narayanganj Osmani Stadium,Fatullah,Bangladesh,EXACT,high,identity mapping
Narendra Modi Stadium,Ahmedabad,Narendra Modi Stadium,Ahmedabad,India,EXACT,high,identity mapping
"Narendra Modi Stadium, Ahmedabad",Ahmedabad,Narendra Modi Stadium,Ahmedabad,India,CURATED_ALIAS,high,Motera ground renamed Sardar Patel Stadium->Narendra Modi Stadium (2021)
"Sardar Patel (Gujarat) Stadium, Motera",Ahmedabad,Narendra Modi Stadium,Ahmedabad,India,HISTORICAL_RENAME,high,Motera ground renamed Sardar Patel Stadium->Narendra Modi Stadium (2021)
"Sardar Patel Stadium, Motera",Ahmedabad,Narendra Modi Stadium,Ahmedabad,India,HISTORICAL_RENAME,high,Motera ground renamed Sardar Patel Stadium->Narendra Modi Stadium (2021)
"Nassau County International Cricket Stadium, New York",New York,"Nassau County International Cricket Stadium, New York",New York,United States,EXACT,high,identity mapping
National Cricket Stadium,St George's,National Cricket Stadium,St George's,Grenada,EXACT,high,identity mapping
"National Cricket Stadium, Grenada",St George's,National Cricket Stadium,St George's,Grenada,CURATED_ALIAS,high,"St George's, Grenada"
"National Cricket Stadium, St George's",Grenada,National Cricket Stadium,St George's,Grenada,CURATED_ALIAS,high,"St George's, Grenada"
"National Cricket Stadium, St George's, Grenada",St George's,National Cricket Stadium,St George's,Grenada,CURATED_ALIAS,high,"St George's, Grenada"
"National Sports Academy, Sofia",Sofia,"National Sports Academy, Sofia",Sofia,Bulgaria,EXACT,high,identity mapping
National Stadium,Hamilton,"National Stadium, Hamilton",Hamilton,New Zealand,NORMALIZED_ALIAS,high,same-city spelling variant; grounds differ by city
"National Stadium, Hamilton",Hamilton,"National Stadium, Hamilton",Hamilton,New Zealand,EXACT,high,identity mapping
National Stadium,Karachi,National Stadium,Karachi,Pakistan,EXACT,high,identity mapping
"National Stadium, Karachi",Karachi,National Stadium,Karachi,Pakistan,NORMALIZED_ALIAS,high,same-city spelling variant; grounds differ by city
Nehru Stadium,Guwahati,Nehru Stadium,Guwahati,India,EXACT,high,identity mapping
Nehru Stadium,Kochi,Nehru Stadium,Kochi,India,EXACT,high,identity mapping
"Nehru Stadium, Fatorda",Margao,"Nehru Stadium, Fatorda",Margao,India,EXACT,high,identity mapping
Nehru Stadium,Pune,Nehru Stadium,Pune,India,EXACT,high,identity mapping
"Nehru Stadium, Poona",Pune,Nehru Stadium,Pune,India,NORMALIZED_ALIAS,high,same-city spelling variant; grounds differ by city
New Wanderers Stadium,Johannesburg,New Wanderers Stadium,Johannesburg,South Africa,EXACT,medium,identity mapping
"New Wanderers Stadium, Johannesburg",Johannesburg,New Wanderers Stadium,Johannesburg,South Africa,CURATED_ALIAS,medium,The Wanderers is the concurrent Cricsheet spelling of the Johannesburg ground
The Wanderers Stadium,Johannesburg,New Wanderers Stadium,Johannesburg,South Africa,CURATED_ALIAS,medium,The Wanderers is the concurrent Cricsheet spelling of the Johannesburg ground
"The Wanderers Stadium, Johannesburg",Johannesburg,New Wanderers Stadium,Johannesburg,South Africa,CURATED_ALIAS,medium,The Wanderers is the concurrent Cricsheet spelling of the Johannesburg ground
Newlands,Cape Town,Newlands,Cape Town,South Africa,EXACT,high,identity mapping
"Newlands, Cape Town",Cape Town,Newlands,Cape Town,South Africa,NORMALIZED_ALIAS,high,same-ground naming variants in Cricsheet data
"Niaz Stadium, Hyderabad",Sind,"Niaz Stadium, Hyderabad",Sind,Pakistan,EXACT,high,identity mapping
"Nigeria Cricket Federation Oval 1, Abuja",Abuja,"Nigeria Cricket Federation Oval 1, Abuja",Abuja,Nigeria,EXACT,high,identity mapping
"Nigeria Cricket Federation Oval 2, Abuja",Abuja,"Nigeria Cricket Federation Oval 2, Abuja",Abuja,Nigeria,EXACT,high,identity mapping
"Niranjan Shah Stadium, Rajkot",Rajkot,"Niranjan Shah Stadium, Rajkot",Rajkot,India,EXACT,high,identity mapping
"North West Cricket Stadium, Potchefstroom",Potchefstroom,"North West Cricket Stadium, Potchefstroom",Potchefstroom,South Africa,EXACT,high,identity mapping
Old Hararians,Harare,Old Hararians,Harare,Zimbabwe,EXACT,high,identity mapping
Old Trafford,Manchester,Old Trafford,Manchester,England,EXACT,high,identity mapping
"Old Trafford, Manchester",Manchester,Old Trafford,Manchester,England,NORMALIZED_ALIAS,high,same-ground naming variants in Cricsheet data
OUTsurance Oval,Bloemfontein,OUTsurance Oval,Bloemfontein,South Africa,EXACT,high,identity mapping
P Sara Oval,Colombo,P Sara Oval,Colombo,Sri Lanka,EXACT,high,identity mapping
P Saravanamuttu Stadium,Colombo,P Saravanamuttu Stadium,Colombo,Sri Lanka,EXACT,high,identity mapping
Pallekele International Cricket Stadium,,Pallekele International Cricket Stadium,Kandy,Sri Lanka,NORMALIZED_ALIAS,high,same-ground naming variants in Cricsheet data
Pallekele International Cricket Stadium,Kandy,Pallekele International Cricket Stadium,Kandy,Sri Lanka,EXACT,high,identity mapping
Perth Stadium,,Perth Stadium,Perth,Australia,NORMALIZED_ALIAS,high,same-ground naming variants in Cricsheet data
Perth Stadium,Perth,Perth Stadium,Perth,Australia,EXACT,high,identity mapping
Pierre Werner Cricket Ground,Walferdange,Pierre Werner Cricket Ground,Walferdange,Luxembourg,EXACT,high,identity mapping
Prairie View Cricket Complex,Houston,Prairie View Cricket Complex,Houston,United States,EXACT,high,identity mapping
Providence Stadium,Guyana,Providence Stadium,Providence,Guyana,CURATED_ALIAS,high,"Providence, Guyana"
"Providence Stadium, Guyana",Providence,Providence Stadium,Providence,Guyana,CURATED_ALIAS,high,"Providence, Guyana"
Punjab Cricket Association IS Bindra Stadium,Chandigarh,"Punjab Cricket Association IS Bindra Stadium, Mohali",Chandigarh,India,NORMALIZED_ALIAS,high,same-ground naming variants in Cricsheet data
"Punjab Cricket Association IS Bindra Stadium, Mohali",Chandigarh,"Punjab Cricket Association IS Bindra Stadium, Mohali",Chandigarh,India,EXACT,high,identity mapping
"Punjab Cricket Association IS Bindra Stadium, Mohali, Chandigarh",Chandigarh,"Punjab Cricket Association IS Bindra Stadium, Mohali",Chandigarh,India,NORMALIZED_ALIAS,high,same-ground naming variants in Cricsheet data
"Punjab Cricket Association Stadium, Mohali",Chandigarh,"Punjab Cricket Association Stadium, Mohali",Chandigarh,India,EXACT,high,identity mapping
"Queen's Park (New), St George's, Grenada",St George's,"Queen's Park (New), St George's, Grenada",St George's,Grenada,EXACT,high,identity mapping
"Queen's Park Oval, Port of Spain",Trinidad,Queen's Park Oval,Port of Spain,Trinidad and Tobago,CURATED_ALIAS,high,"Port of Spain, Trinidad"
"Queen's Park Oval, Port of Spain, Trinidad",Port of Spain,Queen's Park Oval,Port of Spain,Trinidad and Tobago,CURATED_ALIAS,high,"Port of Spain, Trinidad"
"Queen's Park Oval, Trinidad",Port of Spain,Queen's Park Oval,Port of Spain,Trinidad and Tobago,CURATED_ALIAS,high,"Port of Spain, Trinidad"
Queens Sports Club,Bulawayo,"Queens Sports Club, Bulawayo",Bulawayo,Zimbabwe,NORMALIZED_ALIAS,high,same-ground naming variants in Cricsheet data
"Queens Sports Club, Bulawayo",Bulawayo,"Queens Sports Club, Bulawayo",Bulawayo,Zimbabwe,EXACT,high,identity mapping
Queenstown Events Centre,,Queenstown Events Centre,Queenstown,New Zealand,CURATED_ALIAS,high,city unambiguous from venue name
R Premadasa Stadium,Colombo,R Premadasa Stadium,Colombo,Sri Lanka,EXACT,high,identity mapping
"R Premadasa Stadium, Colombo",Colombo,R Premadasa Stadium,Colombo,Sri Lanka,CURATED_ALIAS,high,R. dot spelling merged; Khettarama is a Colombo suburb
R.Premadasa Stadium,Colombo,R Premadasa Stadium,Colombo,Sri Lanka,CURATED_ALIAS,high,R. dot spelling merged; Khettarama is a Colombo suburb
"R.Premadasa Stadium, Khettarama",Colombo,R Premadasa Stadium,Colombo,Sri Lanka,CURATED_ALIAS,high,R. dot spelling merged; Khettarama is a Colombo suburb
Rajiv Gandhi International Stadium,Hyderabad,"Rajiv Gandhi International Stadium, Uppal",Hyderabad,India,NORMALIZED_ALIAS,high,same-ground naming variants in Cricsheet data
"Rajiv Gandhi International Stadium, Uppal",Hyderabad,"Rajiv Gandhi International Stadium, Uppal",Hyderabad,India,EXACT,high,identity mapping
"Rajiv Gandhi International Stadium, Uppal, Hyderabad",Hyderabad,"Rajiv Gandhi International Stadium, Uppal",Hyderabad,India,NORMALIZED_ALIAS,high,same-ground naming variants in Cricsheet data
Rangiri Dambulla International Stadium,,Rangiri Dambulla International Stadium,Dambulla,Sri Lanka,NORMALIZED_ALIAS,high,same-ground naming variants in Cricsheet data
Rangiri Dambulla International Stadium,Dambulla,Rangiri Dambulla International Stadium,Dambulla,Sri Lanka,EXACT,high,identity mapping
Rawalpindi Cricket Stadium,,Rawalpindi Cricket Stadium,Rawalpindi,Pakistan,NORMALIZED_ALIAS,high,same-ground naming variants in Cricsheet data
Rawalpindi Cricket Stadium,Rawalpindi,Rawalpindi Cricket Stadium,Rawalpindi,Pakistan,EXACT,high,identity mapping
"Reforma Athletic Club, Naucalpan",Naucalpan,"Reforma Athletic Club, Naucalpan",Naucalpan,Mexico,EXACT,high,identity mapping
Reliance Stadium,Vadodara,Reliance Stadium,Vadodara,India,EXACT,high,identity mapping
Riverside Ground,Chester-le-Street,Riverside Ground,Chester-le-Street,England,EXACT,high,identity mapping
"Riverside Ground, Chester-le-Street",Chester-le-Street,Riverside Ground,Chester-le-Street,England,NORMALIZED_ALIAS,high,same-ground naming variants in Cricsheet data
"Riverway Stadium, Townsville",Townsville,"Riverway Stadium, Townsville",Townsville,Australia,EXACT,high,identity mapping
Roma Cricket Ground,Spinaceto,Roma Cricket Ground,Spinaceto,Italy,EXACT,high,identity mapping
"Royal Brussels Cricket Club Ground, Waterloo",Waterloo,"Royal Brussels Cricket Club Ground, Waterloo",Waterloo,Belgium,EXACT,high,identity mapping
Ruaraka Sports Club Ground,Nairobi,"Ruaraka Sports Club Ground, Nairobi",Nairobi,Kenya,NORMALIZED_ALIAS,high,same-ground naming variants in Cricsheet data
"Ruaraka Sports Club Ground, Nairobi",Nairobi,"Ruaraka Sports Club Ground, Nairobi",Nairobi,Kenya,EXACT,high,identity mapping
"Sabina Park, Kingston",Jamaica,Sabina Park,Kingston,Jamaica,CURATED_ALIAS,high,"Kingston, Jamaica"
"Sabina Park, Kingston, Jamaica",Kingston,Sabina Park,Kingston,Jamaica,CURATED_ALIAS,high,"Kingston, Jamaica"
Sano International Cricket Ground,Sano,Sano International Cricket Ground,Sano,Japan,EXACT,high,identity mapping
Sano International Cricket Ground 2,Sano,Sano International Cricket Ground 2,Sano,Japan,EXACT,high,identity mapping
Santarem Cricket Ground,Albergaria,Santarem Cricket Ground,Albergaria,Portugal,EXACT,high,identity mapping
Sao Fernando Polo and Cricket Club,Seropedica,Sao Fernando Polo and Cricket Club,Seropedica,Brazil,EXACT,high,identity mapping
Saurashtra Cricket Association Stadium,Rajkot,Saurashtra Cricket Association Stadium,Rajkot,India,EXACT,high,identity mapping
"Saurashtra Cricket Association Stadium, Rajkot",Rajkot,Saurashtra Cricket Association Stadium,Rajkot,India,NORMALIZED_ALIAS,high,same-ground naming variants in Cricsheet data
Sawai Mansingh Stadium,Jaipur,Sawai Mansingh Stadium,Jaipur,India,EXACT,high,identity mapping
"Sawai Mansingh Stadium, Jaipur",Jaipur,Sawai Mansingh Stadium,Jaipur,India,NORMALIZED_ALIAS,high,same-ground naming variants in Cricsheet data
Saxton Oval,Nelson,Saxton Oval,Nelson,New Zealand,EXACT,high,identity mapping
"Saxton Oval, Nelson",Nelson,Saxton Oval,Nelson,New Zealand,NORMALIZED_ALIAS,high,same-ground naming variants in Cricsheet data
"Scott Page Field, Vinor",Prague,"Scott Page Field, Vinor",Prague,Czechia,EXACT,high,identity mapping
Sector 16 Stadium,Chandigarh,Sector 16 Stadium,Chandigarh,India,EXACT,high,identity mapping
Seddon Park,Hamilton,Seddon Park,Hamilton,New Zealand,EXACT,high,identity mapping
"Seddon Park, Hamilton",Hamilton,Seddon Park,Hamilton,New Zealand,NORMALIZED_ALIAS,high,same-ground naming variants in Cricsheet data
Sedgars Park,Potchefstroom,Sedgars Park,Potchefstroom,South Africa,EXACT,high,identity mapping
"Sedgars Park, Potchefstroom",Potchefstroom,Sedgars Park,Potchefstroom,South Africa,NORMALIZED_ALIAS,high,same-ground naming variants in Cricsheet data
"Selangor Turf Club, Kuala Lumpur",Kuala Lumpur,"Selangor Turf Club, Kuala Lumpur",Kuala Lumpur,Malaysia,EXACT,high,identity mapping
Senwes Park,Potchefstroom,Senwes Park,Potchefstroom,South Africa,EXACT,high,identity mapping
"Senwes Park, Potchefstroom",Potchefstroom,Senwes Park,Potchefstroom,South Africa,NORMALIZED_ALIAS,high,same-ground naming variants in Cricsheet data
Shaheed Chandu Stadium,Bogra,Shaheed Chandu Stadium,Bogra,Bangladesh,EXACT,high,identity mapping
Shaheed Veer Narayan Singh International Stadium,Raipur,Shaheed Veer Narayan Singh International Stadium,Raipur,India,EXACT,high,identity mapping
"Shaheed Veer Narayan Singh International Stadium, Raipur",Raipur,Shaheed Veer Narayan Singh International Stadium,Raipur,India,NORMALIZED_ALIAS,high,same-ground naming variants in Cricsheet data
Sharjah Cricket Association Stadium,Sharjah,Sharjah Cricket Association Stadium,Sharjah,United Arab Emirates,EXACT,high,identity mapping
Sharjah Cricket Stadium,,Sharjah Cricket Stadium,Sharjah,United Arab Emirates,NORMALIZED_ALIAS,high,same-ground naming variants in Cricsheet data
Sharjah Cricket Stadium,Sharjah,Sharjah Cricket Stadium,Sharjah,United Arab Emirates,EXACT,high,identity mapping
Sheikh Abu Naser Stadium,Khulna,Sheikh Abu Naser Stadium,Khulna,Bangladesh,EXACT,high,identity mapping
Sheikh Zayed Stadium,Abu Dhabi,Sheikh Zayed Stadium,Abu Dhabi,United Arab Emirates,EXACT,high,identity mapping
Sheikhupura Stadium,,Sheikhupura Stadium,Sheikhupura,Pakistan,CURATED_ALIAS,high,city unambiguous from venue name
Shere Bangla National Stadium,Dhaka,Shere Bangla National Stadium,Mirpur,Bangladesh,CURATED_ALIAS,high,Mirpur suburb of Dhaka
Shere Bangla National Stadium,Mirpur,Shere Bangla National Stadium,Mirpur,Bangladesh,EXACT,high,identity mapping
"Shere Bangla National Stadium, Mirpur",Dhaka,Shere Bangla National Stadium,Mirpur,Bangladesh,CURATED_ALIAS,high,Mirpur suburb of Dhaka
Sher-e-Bangla National Cricket Stadium,Mirpur,Sher-e-Bangla National Cricket Stadium,Mirpur,Bangladesh,EXACT,high,identity mapping
"Shrimant Madhavrao Scindia Cricket Stadium, Gwalior",Gwalior,"Shrimant Madhavrao Scindia Cricket Stadium, Gwalior",Gwalior,India,EXACT,high,identity mapping
"Sikh Union Club Ground, Nairobi",Nairobi,"Sikh Union Club Ground, Nairobi",Nairobi,Kenya,EXACT,high,identity mapping
"Simar Cricket Ground, Rome",Rome,"Simar Cricket Ground, Rome",Rome,Italy,EXACT,high,identity mapping
"Simonds Stadium, South Geelong",Victoria,"Simonds Stadium, South Geelong",Victoria,Seychelles,EXACT,high,identity mapping
Singapore National Cricket Ground,Singapore,Singapore National Cricket Ground,Singapore,Singapore,EXACT,high,identity mapping
Sinhalese Sports Club,Colombo,Sinhalese Sports Club,Colombo,Sri Lanka,EXACT,high,identity mapping
Sinhalese Sports Club Ground,Colombo,Sinhalese Sports Club Ground,Colombo,Sri Lanka,EXACT,high,identity mapping
"Sinhalese Sports Club Ground, Colombo",Colombo,Sinhalese Sports Club Ground,Colombo,Sri Lanka,NORMALIZED_ALIAS,high,same-ground naming variants in Cricsheet data
Sir Vivian Richards Stadium,North Sound,Sir Vivian Richards Stadium,North Sound,Antigua and Barbuda,EXACT,high,identity mapping
"Sir Vivian Richards Stadium, North Sound",Antigua,Sir Vivian Richards Stadium,North Sound,Antigua and Barbuda,CURATED_ALIAS,high,"North Sound, Antigua"
"Sir Vivian Richards Stadium, North Sound, Antigua",North Sound,Sir Vivian Richards Stadium,North Sound,Antigua and Barbuda,CURATED_ALIAS,high,"North Sound, Antigua"
Sky Stadium,Wellington,"Sky Stadium, Wellington",Wellington,New Zealand,NORMALIZED_ALIAS,high,same-ground naming variants in Cricsheet data
"Sky Stadium, Wellington",Wellington,"Sky Stadium, Wellington",Wellington,New Zealand,EXACT,high,identity mapping
"Solvangs Park, Glostrup",Copenhagen,"Solvangs Park, Glostrup",Copenhagen,Denmark,EXACT,high,identity mapping
Sophia Gardens,Cardiff,Sophia Gardens,Cardiff,Wales,EXACT,high,identity mapping
"Sophia Gardens, Cardiff",Cardiff,Sophia Gardens,Cardiff,Wales,NORMALIZED_ALIAS,high,same-ground naming variants in Cricsheet data
Sportpark Het Schootsveld,Deventer,"Sportpark Het Schootsveld, Deventer",Deventer,Netherlands,NORMALIZED_ALIAS,high,same-ground naming variants in Cricsheet data
"Sportpark Het Schootsveld, Deventer",Deventer,"Sportpark Het Schootsveld, Deventer",Deventer,Netherlands,EXACT,high,identity mapping
Sportpark Maarschalkerweerd,Utrecht,"Sportpark Maarschalkerweerd, Utrecht",Utrecht,Netherlands,NORMALIZED_ALIAS,high,same-ground naming variants in Cricsheet data
"Sportpark Maarschalkerweerd, Utrecht",Utrecht,"Sportpark Maarschalkerweerd, Utrecht",Utrecht,Netherlands,EXACT,high,identity mapping
Sportpark Westvliet,The Hague,"Sportpark Westvliet, The Hague",The Hague,Netherlands,NORMALIZED_ALIAS,high,same-ground naming variants in Cricsheet data
"Sportpark Westvliet, The Hague",The Hague,"Sportpark Westvliet, The Hague",The Hague,Netherlands,EXACT,high,identity mapping
"Sportpark Westvliet, Voorburg",The Hague,"Sportpark Westvliet, The Hague",The Hague,Netherlands,NORMALIZED_ALIAS,high,same-ground naming variants in Cricsheet data
"St Albans Club, Buenos Aires",Buenos Aires,"St Albans Club, Buenos Aires",Buenos Aires,Argentina,EXACT,high,identity mapping
"St George's College Ground, Buenos Aires",Buenos Aires,"St George's College Ground, Buenos Aires",Buenos Aires,Argentina,EXACT,high,identity mapping
St George's Park,Port Elizabeth,St George's Park,Gqeberha,South Africa,CURATED_ALIAS,high,city renamed Port Elizabeth->Gqeberha (2021)
"St George's Park, Gqeberha",Gqeberha,St George's Park,Gqeberha,South Africa,CURATED_ALIAS,high,city renamed Port Elizabeth->Gqeberha (2021)
"St George's Park, Port Elizabeth",Gqeberha,St George's Park,Gqeberha,South Africa,CURATED_ALIAS,high,city renamed Port Elizabeth->Gqeberha (2021)
St Georges Quilmes,,St Georges Quilmes,Quilmes,Argentina,CURATED_ALIAS,high,"St George's College ground at Quilmes, Argentina"
St Lawrence Ground,Canterbury,St Lawrence Ground,Canterbury,England,EXACT,high,identity mapping
"St Lawrence Ground, Canterbury",Canterbury,St Lawrence Ground,Canterbury,England,NORMALIZED_ALIAS,high,same-ground naming variants in Cricsheet data
Stadium Australia,Sydney,Stadium Australia,Sydney,Australia,EXACT,high,identity mapping
"Stars Arena Hofstade, Zemst",Zemst,"Stars Arena Hofstade, Zemst",Zemst,Belgium,EXACT,high,identity mapping
"Stubberudmyra Cricket Ground, Oslo",Oslo,"Stubberudmyra Cricket Ground, Oslo",Oslo,Norway,EXACT,high,identity mapping
Subrata Roy Sahara Stadium,Pune,Subrata Roy Sahara Stadium,Pune,India,EXACT,high,identity mapping
SuperSport Park,Centurion,SuperSport Park,Centurion,South Africa,EXACT,high,identity mapping
"SuperSport Park, Centurion",Centurion,SuperSport Park,Centurion,South Africa,NORMALIZED_ALIAS,high,same-ground naming variants in Cricsheet data
"Svanholm Park, Brondby",Brondby,"Svanholm Park, Brondby",Brondby,Denmark,EXACT,high,identity mapping
Sydney Cricket Ground,,Sydney Cricket Ground,Sydney,Australia,NORMALIZED_ALIAS,high,same-ground naming variants in Cricsheet data
Sydney Cricket Ground,Sydney,Sydney Cricket Ground,Sydney,Australia,EXACT,high,identity mapping
Sylhet International Cricket Stadium,,Sylhet International Cricket Stadium,Sylhet,Bangladesh,NORMALIZED_ALIAS,high,same-ground naming variants in Cricsheet data
Sylhet International Cricket Stadium,Sylhet,Sylhet International Cricket Stadium,Sylhet,Bangladesh,EXACT,high,identity mapping
Sylhet Stadium,,Sylhet Stadium,Sylhet,Bangladesh,CURATED_ALIAS,high,city unambiguous from venue name
"Tafawa Balewa Square Cricket Oval, Lagos",Lagos,"Tafawa Balewa Square Cricket Oval, Lagos",Lagos,Nigeria,EXACT,high,identity mapping
"Takashinga Sports Club, Highfield, Harare",Harare,"Takashinga Sports Club, Highfield, Harare",Harare,Zimbabwe,EXACT,high,identity mapping
"TCA Oval, Blantyre",Blantyre,"TCA Oval, Blantyre",Blantyre,Malawi,EXACT,high,identity mapping
Terdthai Cricket Ground,Bangkok,"Terdthai Cricket Ground, Bangkok",Bangkok,Thailand,NORMALIZED_ALIAS,high,same-ground naming variants in Cricsheet data
"Terdthai Cricket Ground, Bangkok",Bangkok,"Terdthai Cricket Ground, Bangkok",Bangkok,Thailand,EXACT,high,identity mapping
The Cooper Associates County Ground,Taunton,The Cooper Associates County Ground,Taunton,England,EXACT,high,identity mapping
The Rose Bowl,Southampton,The Rose Bowl,Southampton,England,EXACT,high,identity mapping
"The Rose Bowl, Southampton",Southampton,The Rose Bowl,Southampton,England,NORMALIZED_ALIAS,high,same-ground naming variants in Cricsheet data
"The Royal & Sun Alliance County Ground, Bristol",Bristol,"The Royal & Sun Alliance County Ground, Bristol",Bristol,England,EXACT,high,identity mapping
"The Village, Malahide",Dublin,"The Village, Malahide",Dublin,Ireland,EXACT,high,identity mapping
"The Village, Malahide, Dublin",Dublin,"The Village, Malahide",Dublin,Ireland,NORMALIZED_ALIAS,high,same-ground naming variants in Cricsheet data
Tikkurila Cricket Ground,Vantaa,Tikkurila Cricket Ground,Vantaa,Finland,EXACT,high,identity mapping
Titwood,Glasgow,"Titwood, Glasgow",Glasgow,Scotland,NORMALIZED_ALIAS,high,same-ground naming variants in Cricsheet data
"Titwood, Glasgow",Glasgow,"Titwood, Glasgow",Glasgow,Scotland,EXACT,high,identity mapping
Tolerance Oval,Abu Dhabi,Tolerance Oval,Abu Dhabi,United Arab Emirates,EXACT,high,identity mapping
Tony Ireland Stadium,Townsville,Tony Ireland Stadium,Townsville,Australia,EXACT,high,identity mapping
"Tony Ireland Stadium, Townsville",Townsville,Tony Ireland Stadium,Townsville,Australia,NORMALIZED_ALIAS,high,same-ground naming variants in Cricsheet data
"Toronto Cricket, Skating and Curling Club",Toronto,"Toronto Cricket, Skating and Curling Club",Toronto,Canada,EXACT,high,identity mapping
Trent Bridge,Nottingham,Trent Bridge,Nottingham,England,EXACT,high,identity mapping
"Trent Bridge, Nottingham",Nottingham,Trent Bridge,Nottingham,England,NORMALIZED_ALIAS,high,same-ground naming variants in Cricsheet data
Tribhuvan University International Cricket Ground,Kirtipur,"Tribhuvan University International Cricket Ground, Kirtipur",Kirtipur,Nepal,NORMALIZED_ALIAS,high,same-ground naming variants in Cricsheet data
"Tribhuvan University International Cricket Ground, Kirtipur",Kirtipur,"Tribhuvan University International Cricket Ground, Kirtipur",Kirtipur,Nepal,EXACT,high,identity mapping
Udayana Cricket Ground,Bali,Udayana Cricket Ground,Bali,Indonesia,EXACT,high,identity mapping
"UKM-YSD Cricket Oval, Bangi",Bangi,"UKM-YSD Cricket Oval, Bangi",Bangi,Malaysia,EXACT,high,identity mapping
United Cricket Club Ground,Windhoek,"United Cricket Club Ground, Windhoek",Windhoek,Namibia,NORMALIZED_ALIAS,high,same-ground naming variants in Cricsheet data
"United Cricket Club Ground, Windhoek",Windhoek,"United Cricket Club Ground, Windhoek",Windhoek,Namibia,EXACT,high,identity mapping
University of Dar-es-Salaam Ground,Dar-es-Salaam,University of Dar-es-Salaam Ground,Dar-es-Salaam,Tanzania,EXACT,high,identity mapping
University of Doha for Science and Technology,Doha,University of Doha for Science and Technology,Doha,Qatar,EXACT,high,identity mapping
University of Lagos Cricket Oval,Lagos,University of Lagos Cricket Oval,Lagos,Nigeria,EXACT,high,identity mapping
University Oval,Dunedin,University Oval,Dunedin,New Zealand,EXACT,high,identity mapping
"University Oval, Dunedin",Dunedin,University Oval,Dunedin,New Zealand,NORMALIZED_ALIAS,high,same-ground naming variants in Cricsheet data
"Vassil Levski National Sports Academy, Sofia",Sofia,"Vassil Levski National Sports Academy, Sofia",Sofia,Bulgaria,EXACT,high,identity mapping
"Velden Cricket Ground, Latschach",Latschach,"Velden Cricket Ground, Latschach",Latschach,Austria,EXACT,high,identity mapping
Vidarbha C.A. Ground,Nagpur,Vidarbha C.A. Ground,Nagpur,India,EXACT,high,identity mapping
Vidarbha Cricket Association Ground,Nagpur,Vidarbha Cricket Association Ground,Nagpur,India,EXACT,high,identity mapping
"Vidarbha Cricket Association Stadium, Jamtha",Nagpur,"Vidarbha Cricket Association Stadium, Jamtha",Nagpur,India,EXACT,high,identity mapping
"Vidarbha Cricket Association Stadium, Jamtha, Nagpur",Nagpur,"Vidarbha Cricket Association Stadium, Jamtha",Nagpur,India,NORMALIZED_ALIAS,high,same-ground naming variants in Cricsheet data
VRA Cricket Ground,Amstelveen,VRA Cricket Ground,Amstelveen,Netherlands,EXACT,high,identity mapping
VRA Ground,Amstelveen,"VRA Ground, Amstelveen",Amstelveen,Netherlands,NORMALIZED_ALIAS,high,same-ground naming variants in Cricsheet data
"VRA Ground, Amstelveen",Amstelveen,"VRA Ground, Amstelveen",Amstelveen,Netherlands,EXACT,high,identity mapping
W.A.C.A. Ground,Perth,W.A.C.A. Ground,Perth,Australia,EXACT,high,identity mapping
Wanderers,Windhoek,Wanderers Cricket Ground,Windhoek,Namibia,CURATED_ALIAS,high,Windhoek bare-name variant merged
Wanderers Cricket Ground,Windhoek,Wanderers Cricket Ground,Windhoek,Namibia,EXACT,high,identity mapping
"Wanderers Cricket Ground, Windhoek",Windhoek,Wanderers Cricket Ground,Windhoek,Namibia,CURATED_ALIAS,high,Windhoek bare-name variant merged
Wankhede Stadium,Mumbai,Wankhede Stadium,Mumbai,India,EXACT,high,identity mapping
"Wankhede Stadium, Mumbai",Mumbai,Wankhede Stadium,Mumbai,India,NORMALIZED_ALIAS,high,same-ground naming variants in Cricsheet data
"Warner Park, Basseterre",St Kitts,Warner Park,Basseterre,Saint Kitts and Nevis,CURATED_ALIAS,high,"Basseterre, St Kitts"
"Warner Park, Basseterre, St Kitts",Basseterre,Warner Park,Basseterre,Saint Kitts and Nevis,CURATED_ALIAS,high,"Basseterre, St Kitts"
"Warner Park, St Kitts",Basseterre,Warner Park,Basseterre,Saint Kitts and Nevis,CURATED_ALIAS,high,"Basseterre, St Kitts"
"West End Park International Cricket Stadium, Doha",Doha,"West End Park International Cricket Stadium, Doha",Doha,Qatar,EXACT,high,identity mapping
Western Australia Cricket Association Ground,Perth,Western Australia Cricket Association Ground,Perth,Australia,EXACT,high,identity mapping
"Westpac Park, Hamilton",Hamilton,"Westpac Park, Hamilton",Hamilton,New Zealand,EXACT,high,identity mapping
Westpac Stadium,Wellington,Westpac Stadium,Wellington,New Zealand,EXACT,high,identity mapping
"Westpac Stadium, Wellington",Wellington,Westpac Stadium,Wellington,New Zealand,NORMALIZED_ALIAS,high,same-ground naming variants in Cricsheet data
"White Hill Field, Sandys Parish",Hamilton,"White Hill Field, Sandys Parish",Hamilton,New Zealand,EXACT,high,identity mapping
Willowmoore Park,Benoni,"Willowmoore Park, Benoni",Benoni,South Africa,NORMALIZED_ALIAS,high,same-ground naming variants in Cricsheet data
"Willowmoore Park, Benoni",Benoni,"Willowmoore Park, Benoni",Benoni,South Africa,EXACT,high,identity mapping
"Windsor Park, Roseau",Dominica,Windsor Park,Roseau,Dominica,CURATED_ALIAS,high,"Roseau, Dominica"
"Windsor Park, Roseau, Dominica",Roseau,Windsor Park,Roseau,Dominica,CURATED_ALIAS,high,"Roseau, Dominica"
"Yeonhui Cricket Ground, Incheon",Incheon,"Yeonhui Cricket Ground, Incheon",Incheon,South Korea,EXACT,high,identity mapping
"YSD-UKM Cricket Oval, Bangi",Bangi,"YSD-UKM Cricket Oval, Bangi",Bangi,Malaysia,EXACT,high,identity mapping
Zahur Ahmed Chowdhury Stadium,Chattogram,Zahur Ahmed Chowdhury Stadium,Chattogram,Bangladesh,EXACT,high,identity mapping
Zahur Ahmed Chowdhury Stadium,Chittagong,Zahur Ahmed Chowdhury Stadium,Chattogram,Bangladesh,CURATED_ALIAS,high,city renamed Chittagong->Chattogram
"Zahur Ahmed Chowdhury Stadium, Chattogram",Chattogram,Zahur Ahmed Chowdhury Stadium,Chattogram,Bangladesh,CURATED_ALIAS,high,city renamed Chittagong->Chattogram
"Zayed Cricket Stadium, Abu Dhabi",Abu Dhabi,"Zayed Cricket Stadium, Abu Dhabi",Abu Dhabi,United Arab Emirates,EXACT,high,identity mapping
Zhejiang University of Technology Cricket Field,Hangzhou,Zhejiang University of Technology Cricket Field,Hangzhou,China,EXACT,high,identity mapping
Zohur Ahmed Chowdhury Stadium,Chittagong,Zohur Ahmed Chowdhury Stadium,Chattogram,Bangladesh,NORMALIZED_ALIAS,high,same-ground naming variants in Cricsheet data
